gs://idyllic-slice-361403.appspot.com/dataset/chips/chips0001.jpg,chips
gs://idyllic-slice-361403.appspot.com/dataset/chips/chips0002.jpg,chips
gs://idyllic-slice-361403.appspot.com/dataset/chips/chips0003.jpg,chips
gs://idyllic-slice-361403.appspot.com/dataset/chips/chips0004.jpg,chips
gs://idyllic-slice-361403.appspot.com/dataset/chips/chips0005.jpg,chips
gs://idyllic-slice-361403.appspot.com/dataset/chips/chips0006.jpg,chips
gs://idyllic-slice-361403.appspot.com/dataset/chips/chips0007.jpg,chips
gs://idyllic-slice-361403.appspot.com/dataset/chips/chips0008.jpg,chips
gs://idyllic-slice-361403.appspot.com/dataset/chips/chips0009.jpg,chips
gs://idyllic-slice-361403.appspot.com/dataset/chips/chips0010.jpg,chips
gs://idyllic-slice-361403.appspot.com/dataset/chips/chips0011.jpg,chips
gs://idyllic-slice-361403.appspot.com/dataset/chips/chips0012.jpg,chips
gs://idyllic-slice-361403.appspot.com/dataset/chips/chips0013.jpg,chips
gs://idyllic-slice-361403.appspot.com/dataset/chips/chips0014.jpg,chips
gs://idyllic-slice-361403.appspot.com/dataset/chips/chips0015.jpg,chips
gs://idyllic-slice-361403.appspot.com/dataset/chips/chips0016.jpg,chips
gs://idyllic-slice-361403.appspot.com/dataset/chips/chips0017.jpg,chips
gs://idyllic-slice-361403.appspot.com/dataset/chips/chips0018.jpg,chips
gs://idyllic-slice-361403.appspot.com/dataset/chips/chips0019.jpg,chips
gs://idyllic-slice-361403.appspot.com/dataset/chips/chips0020.jpg,chips
gs://idyllic-slice-361403.appspot.com/dataset/chips/chips0021.jpg,chips
gs://idyllic-slice-361403.appspot.com/dataset/chips/chips0022.jpg,chips
gs://idyllic-slice-361403.appspot.com/dataset/chips/chips0023.jpg,chips
gs://idyllic-slice-361403.appspot.com/dataset/chips/chips0024.jpg,chips
gs://idyllic-slice-361403.appspot.com/dataset/chips/chips0025.jpg,chips
gs://idyllic-slice-361403.appspot.com/dataset/chips/chips0026.jpg,chips
gs://idyllic-slice-361403.appspot.com/dataset/chips/chips0027.jpg,chips
gs://idyllic-slice-361403.appspot.com/dataset/chips/chips0028.jpg,chips
gs://idyllic-slice-361403.appspot.com/dataset/chips/chips0029.jpg,chips
gs://idyllic-slice-361403.appspot.com/dataset/chips/chips0030.jpg,chips
gs://idyllic-slice-361403.appspot.com/dataset/chips/chips0031.jpg,chips
gs://idyllic-slice-361403.appspot.com/dataset/chips/chips0032.jpg,chips
gs://idyllic-slice-361403.appspot.com/dataset/chips/chips0033.jpg,chips
gs://idyllic-slice-361403.appspot.com/dataset/chips/chips0034.jpg,chips
gs://idyllic-slice-361403.appspot.com/dataset/chips/chips0035.jpg,chips
gs://idyllic-slice-361403.appspot.com/dataset/chips/chips0036.jpg,chips
gs://idyllic-slice-361403.appspot.com/dataset/chips/chips0037.jpg,chips
gs://idyllic-slice-361403.appspot.com/dataset/chips/chips0038.jpg,chips
gs://idyllic-slice-361403.appspot.com/dataset/chips/chips0039.jpg,chips
gs://idyllic-slice-361403.appspot.com/dataset/chips/chips0040.jpg,chips
gs://idyllic-slice-361403.appspot.com/dataset/chips/chips0041.jpg,chips
gs://idyllic-slice-361403.appspot.com/dataset/chips/chips0042.jpg,chips
gs://idyllic-slice-361403.appspot.com/dataset/chips/chips0043.jpg,chips
gs://idyllic-slice-361403.appspot.com/dataset/chips/chips0044.jpg,chips
gs://idyllic-slice-361403.appspot.com/dataset/chips/chips0045.jpg,chips
gs://idyllic-slice-361403.appspot.com/dataset/chips/chips0046.jpg,chips
gs://idyllic-slice-361403.appspot.com/dataset/chips/chips0047.jpg,chips
gs://idyllic-slice-361403.appspot.com/dataset/chips/chips0048.jpg,chips
gs://idyllic-slice-361403.appspot.com/dataset/chips/chips0049.jpg,chips
gs://idyllic-slice-361403.appspot.com/dataset/chips/chips0050.jpg,chips
gs://idyllic-slice-361403.appspot.com/dataset/chips/chips0051.jpg,chips
gs://idyllic-slice-361403.appspot.com/dataset/chips/chips0052.jpg,chips
gs://idyllic-slice-361403.appspot.com/dataset/chips/chips0053.jpg,chips
gs://idyllic-slice-361403.appspot.com/dataset/chips/chips0054.jpg,chips
gs://idyllic-slice-361403.appspot.com/dataset/chips/chips0055.jpg,chips
gs://idyllic-slice-361403.appspot.com/dataset/chips/chips0056.jpg,chips
gs://idyllic-slice-361403.appspot.com/dataset/chips/chips0057.jpg,chips
gs://idyllic-slice-361403.appspot.com/dataset/chips/chips0058.jpg,chips
gs://idyllic-slice-361403.appspot.com/dataset/chips/chips0059.jpg,chips
gs://idyllic-slice-361403.appspot.com/dataset/chips/chips0060.jpg,chips
gs://idyllic-slice-361403.appspot.com/dataset/chips/chips0061.jpg,chips
gs://idyllic-slice-361403.appspot.com/dataset/chips/chips0062.jpg,chips
gs://idyllic-slice-361403.appspot.com/dataset/chips/chips0063.jpg,chips
gs://idyllic-slice-361403.appspot.com/dataset/chips/chips0064.jpg,chips
gs://idyllic-slice-361403.appspot.com/dataset/chips/chips0065.jpg,chips
gs://idyllic-slice-361403.appspot.com/dataset/chips/chips0066.jpg,chips
gs://idyllic-slice-361403.appspot.com/dataset/chips/chips0067.jpg,chips
gs://idyllic-slice-361403.appspot.com/dataset/chips/chips0068.jpg,chips
gs://idyllic-slice-361403.appspot.com/dataset/chips/chips0069.jpg,chips
gs://idyllic-slice-361403.appspot.com/dataset/chips/chips0070.jpg,chips
gs://idyllic-slice-361403.appspot.com/dataset/chips/chips0071.jpg,chips
gs://idyllic-slice-361403.appspot.com/dataset/chips/chips0072.jpg,chips
gs://idyllic-slice-361403.appspot.com/dataset/chips/chips0073.jpg,chips
gs://idyllic-slice-361403.appspot.com/dataset/chips/chips0074.jpg,chips
gs://idyllic-slice-361403.appspot.com/dataset/chips/chips0075.jpg,chips
gs://idyllic-slice-361403.appspot.com/dataset/chips/chips0076.jpg,chips
gs://idyllic-slice-361403.appspot.com/dataset/chips/chips0077.jpg,chips
gs://idyllic-slice-361403.appspot.com/dataset/chips/chips0078.jpg,chips
gs://idyllic-slice-361403.appspot.com/dataset/chips/chips0079.jpg,chips
gs://idyllic-slice-361403.appspot.com/dataset/chips/chips0080.jpg,chips
gs://idyllic-slice-361403.appspot.com/dataset/chips/chips0081.jpg,chips
gs://idyllic-slice-361403.appspot.com/dataset/chips/chips0082.jpg,chips
gs://idyllic-slice-361403.appspot.com/dataset/chips/chips0083.jpg,chips
gs://idyllic-slice-361403.appspot.com/dataset/chips/chips0084.jpg,chips
gs://idyllic-slice-361403.appspot.com/dataset/chips/chips0085.jpg,chips
gs://idyllic-slice-361403.appspot.com/dataset/chips/chips0086.jpg,chips
gs://idyllic-slice-361403.appspot.com/dataset/chips/chips0087.jpg,chips
gs://idyllic-slice-361403.appspot.com/dataset/chips/chips0088.jpg,chips
gs://idyllic-slice-361403.appspot.com/dataset/chips/chips0089.jpg,chips
gs://idyllic-slice-361403.appspot.com/dataset/chips/chips0090.jpg,chips
gs://idyllic-slice-361403.appspot.com/dataset/chips/chips0091.jpg,chips
gs://idyllic-slice-361403.appspot.com/dataset/chips/chips0092.jpg,chips
gs://idyllic-slice-361403.appspot.com/dataset/chips/chips0093.jpg,chips
gs://idyllic-slice-361403.appspot.com/dataset/chips/chips0094.jpg,chips
gs://idyllic-slice-361403.appspot.com/dataset/chips/chips0095.jpg,chips
gs://idyllic-slice-361403.appspot.com/dataset/chips/chips0096.jpg,chips
gs://idyllic-slice-361403.appspot.com/dataset/chips/chips0097.jpg,chips
gs://idyllic-slice-361403.appspot.com/dataset/chips/chips0098.jpg,chips
gs://idyllic-slice-361403.appspot.com/dataset/chips/chips0099.jpg,chips
gs://idyllic-slice-361403.appspot.com/dataset/chips/chips0100.jpg,chips
gs://idyllic-slice-361403.appspot.com/dataset/chips/chips0101.jpg,chips
gs://idyllic-slice-361403.appspot.com/dataset/chips/chips0102.jpg,chips
gs://idyllic-slice-361403.appspot.com/dataset/chips/chips0103.jpg,chips
gs://idyllic-slice-361403.appspot.com/dataset/chips/chips0104.jpg,chips
gs://idyllic-slice-361403.appspot.com/dataset/chips/chips0105.jpg,chips
gs://idyllic-slice-361403.appspot.com/dataset/chips/chips0106.jpg,chips
gs://idyllic-slice-361403.appspot.com/dataset/chips/chips0107.jpg,chips
gs://idyllic-slice-361403.appspot.com/dataset/chips/chips0108.jpg,chips
gs://idyllic-slice-361403.appspot.com/dataset/chips/chips0109.jpg,chips
gs://idyllic-slice-361403.appspot.com/dataset/chips/chips0110.jpg,chips
gs://idyllic-slice-361403.appspot.com/dataset/chips/chips0111.jpg,chips
gs://idyllic-slice-361403.appspot.com/dataset/chips/chips0112.jpg,chips
gs://idyllic-slice-361403.appspot.com/dataset/chips/chips0113.jpg,chips
gs://idyllic-slice-361403.appspot.com/dataset/chips/chips0114.jpg,chips
gs://idyllic-slice-361403.appspot.com/dataset/chips/chips0115.jpg,chips
gs://idyllic-slice-361403.appspot.com/dataset/chips/chips0116.jpg,chips
gs://idyllic-slice-361403.appspot.com/dataset/chips/chips0117.jpg,chips
gs://idyllic-slice-361403.appspot.com/dataset/chips/chips0118.jpg,chips
gs://idyllic-slice-361403.appspot.com/dataset/chips/chips0119.jpg,chips
gs://idyllic-slice-361403.appspot.com/dataset/chips/chips0120.jpg,chips
gs://idyllic-slice-361403.appspot.com/dataset/chips/chips0121.jpg,chips
gs://idyllic-slice-361403.appspot.com/dataset/chips/chips0122.jpg,chips
gs://idyllic-slice-361403.appspot.com/dataset/chips/chips0123.jpg,chips
gs://idyllic-slice-361403.appspot.com/dataset/chips/chips0124.jpg,chips
gs://idyllic-slice-361403.appspot.com/dataset/chips/chips0125.jpg,chips
gs://idyllic-slice-361403.appspot.com/dataset/chips/chips0126.jpg,chips
gs://idyllic-slice-361403.appspot.com/dataset/chips/chips0127.jpg,chips
gs://idyllic-slice-361403.appspot.com/dataset/chips/chips0128.jpg,chips
gs://idyllic-slice-361403.appspot.com/dataset/chips/chips0129.jpg,chips
gs://idyllic-slice-361403.appspot.com/dataset/chips/chips0130.jpg,chips
gs://idyllic-slice-361403.appspot.com/dataset/chips/chips0131.jpg,chips
gs://idyllic-slice-361403.appspot.com/dataset/chips/chips0132.jpg,chips
gs://idyllic-slice-361403.appspot.com/dataset/chips/chips0133.jpg,chips
gs://idyllic-slice-361403.appspot.com/dataset/chips/chips0134.jpg,chips
gs://idyllic-slice-361403.appspot.com/dataset/chips/chips0135.jpg,chips
gs://idyllic-slice-361403.appspot.com/dataset/chips/chips0136.jpg,chips
gs://idyllic-slice-361403.appspot.com/dataset/chips/chips0137.jpg,chips
gs://idyllic-slice-361403.appspot.com/dataset/chips/chips0138.jpg,chips
gs://idyllic-slice-361403.appspot.com/dataset/chips/chips0139.jpg,chips
gs://idyllic-slice-361403.appspot.com/dataset/chips/chips0140.jpg,chips
gs://idyllic-slice-361403.appspot.com/dataset/chips/chips0141.jpg,chips
gs://idyllic-slice-361403.appspot.com/dataset/chips/chips0142.jpg,chips
gs://idyllic-slice-361403.appspot.com/dataset/chips/chips0143.jpg,chips
gs://idyllic-slice-361403.appspot.com/dataset/chips/chips0144.jpg,chips
gs://idyllic-slice-361403.appspot.com/dataset/chips/chips0145.jpg,chips
gs://idyllic-slice-361403.appspot.com/dataset/chips/chips0146.jpg,chips
gs://idyllic-slice-361403.appspot.com/dataset/chips/chips0147.jpg,chips
gs://idyllic-slice-361403.appspot.com/dataset/chips/chips0148.jpg,chips
gs://idyllic-slice-361403.appspot.com/dataset/chips/chips0149.jpg,chips
gs://idyllic-slice-361403.appspot.com/dataset/chips/chips0150.jpg,chips
gs://idyllic-slice-361403.appspot.com/dataset/chips/chips0151.jpg,chips
gs://idyllic-slice-361403.appspot.com/dataset/chips/chips0152.jpg,chips
gs://idyllic-slice-361403.appspot.com/dataset/chips/chips0153.jpg,chips
gs://idyllic-slice-361403.appspot.com/dataset/chips/chips0154.jpg,chips
gs://idyllic-slice-361403.appspot.com/dataset/chips/chips0155.jpg,chips
gs://idyllic-slice-361403.appspot.com/dataset/chips/chips0156.jpg,chips
gs://idyllic-slice-361403.appspot.com/dataset/chips/chips0157.jpg,chips
gs://idyllic-slice-361403.appspot.com/dataset/chips/chips0158.jpg,chips
gs://idyllic-slice-361403.appspot.com/dataset/chips/chips0159.jpg,chips
gs://idyllic-slice-361403.appspot.com/dataset/chips/chips0160.jpg,chips
gs://idyllic-slice-361403.appspot.com/dataset/chips/chips0161.jpg,chips
gs://idyllic-slice-361403.appspot.com/dataset/chips/chips0162.jpg,chips
gs://idyllic-slice-361403.appspot.com/dataset/chips/chips0163.jpg,chips
gs://idyllic-slice-361403.appspot.com/dataset/chips/chips0164.jpg,chips
gs://idyllic-slice-361403.appspot.com/dataset/chips/chips0165.jpg,chips
gs://idyllic-slice-361403.appspot.com/dataset/chips/chips0166.jpg,chips
gs://idyllic-slice-361403.appspot.com/dataset/chips/chips0167.jpg,chips
gs://idyllic-slice-361403.appspot.com/dataset/chips/chips0168.jpg,chips
gs://idyllic-slice-361403.appspot.com/dataset/chips/chips0169.jpg,chips
gs://idyllic-slice-361403.appspot.com/dataset/chips/chips0170.jpg,chips
gs://idyllic-slice-361403.appspot.com/dataset/chips/chips0171.jpg,chips
gs://idyllic-slice-361403.appspot.com/dataset/chips/chips0172.jpg,chips
gs://idyllic-slice-361403.appspot.com/dataset/chips/chips0173.jpg,chips
gs://idyllic-slice-361403.appspot.com/dataset/chips/chips0174.jpg,chips
gs://idyllic-slice-361403.appspot.com/dataset/chips/chips0175.jpg,chips
gs://idyllic-slice-361403.appspot.com/dataset/chips/chips0176.jpg,chips
gs://idyllic-slice-361403.appspot.com/dataset/chips/chips0177.jpg,chips
gs://idyllic-slice-361403.appspot.com/dataset/chips/chips0178.jpg,chips
gs://idyllic-slice-361403.appspot.com/dataset/chips/chips0179.jpg,chips
gs://idyllic-slice-361403.appspot.com/dataset/chips/chips0180.jpg,chips
gs://idyllic-slice-361403.appspot.com/dataset/chips/chips0181.jpg,chips
gs://idyllic-slice-361403.appspot.com/dataset/chips/chips0182.jpg,chips
gs://idyllic-slice-361403.appspot.com/dataset/chips/chips0183.jpg,chips
gs://idyllic-slice-361403.appspot.com/dataset/chips/chips0184.jpg,chips
gs://idyllic-slice-361403.appspot.com/dataset/chips/chips0185.jpg,chips
gs://idyllic-slice-361403.appspot.com/dataset/chips/chips0186.jpg,chips
gs://idyllic-slice-361403.appspot.com/dataset/chips/chips0187.jpg,chips
gs://idyllic-slice-361403.appspot.com/dataset/chips/chips0188.jpg,chips
gs://idyllic-slice-361403.appspot.com/dataset/chips/chips0189.jpg,chips
gs://idyllic-slice-361403.appspot.com/dataset/chips/chips0190.jpg,chips
gs://idyllic-slice-361403.appspot.com/dataset/chips/chips0191.jpg,chips
gs://idyllic-slice-361403.appspot.com/dataset/chips/chips0192.jpg,chips
gs://idyllic-slice-361403.appspot.com/dataset/chips/chips0193.jpg,chips
gs://idyllic-slice-361403.appspot.com/dataset/chips/chips0194.jpg,chips
gs://idyllic-slice-361403.appspot.com/dataset/chips/chips0195.jpg,chips
gs://idyllic-slice-361403.appspot.com/dataset/chips/chips0196.jpg,chips
gs://idyllic-slice-361403.appspot.com/dataset/chips/chips0197.jpg,chips
gs://idyllic-slice-361403.appspot.com/dataset/chips/chips0198.jpg,chips
gs://idyllic-slice-361403.appspot.com/dataset/chips/chips0199.jpg,chips
gs://idyllic-slice-361403.appspot.com/dataset/chips/chips0200.jpg,chips
gs://idyllic-slice-361403.appspot.com/dataset/chips/chips0201.jpg,chips
gs://idyllic-slice-361403.appspot.com/dataset/chips/chips0202.jpg,chips
gs://idyllic-slice-361403.appspot.com/dataset/chips/chips0203.jpg,chips
gs://idyllic-slice-361403.appspot.com/dataset/chips/chips0204.jpg,chips
gs://idyllic-slice-361403.appspot.com/dataset/chips/chips0205.jpg,chips
gs://idyllic-slice-361403.appspot.com/dataset/chips/chips0206.jpg,chips
gs://idyllic-slice-361403.appspot.com/dataset/chips/chips0207.jpg,chips
gs://idyllic-slice-361403.appspot.com/dataset/chips/chips0208.jpg,chips
gs://idyllic-slice-361403.appspot.com/dataset/chips/chips0209.jpg,chips
gs://idyllic-slice-361403.appspot.com/dataset/chips/chips0210.jpg,chips
gs://idyllic-slice-361403.appspot.com/dataset/chips/chips0211.jpg,chips
gs://idyllic-slice-361403.appspot.com/dataset/chips/chips0212.jpg,chips
gs://idyllic-slice-361403.appspot.com/dataset/chips/chips0213.jpg,chips
gs://idyllic-slice-361403.appspot.com/dataset/chips/chips0214.jpg,chips
gs://idyllic-slice-361403.appspot.com/dataset/chips/chips0215.jpg,chips
gs://idyllic-slice-361403.appspot.com/dataset/chips/chips0216.jpg,chips
gs://idyllic-slice-361403.appspot.com/dataset/chips/chips0217.jpg,chips
gs://idyllic-slice-361403.appspot.com/dataset/chips/chips0218.jpg,chips
gs://idyllic-slice-361403.appspot.com/dataset/chips/chips0219.jpg,chips
gs://idyllic-slice-361403.appspot.com/dataset/chips/chips0220.jpg,chips
gs://idyllic-slice-361403.appspot.com/dataset/chips/chips0221.jpg,chips
gs://idyllic-slice-361403.appspot.com/dataset/chips/chips0222.jpg,chips
gs://idyllic-slice-361403.appspot.com/dataset/chips/chips0223.jpg,chips
gs://idyllic-slice-361403.appspot.com/dataset/chips/chips0224.jpg,chips
gs://idyllic-slice-361403.appspot.com/dataset/chips/chips0225.jpg,chips
gs://idyllic-slice-361403.appspot.com/dataset/chips/chips0226.jpg,chips
gs://idyllic-slice-361403.appspot.com/dataset/energy_drink/energy_drink0001.jpg,energy_drink
gs://idyllic-slice-361403.appspot.com/dataset/energy_drink/energy_drink0002.jpg,energy_drink
gs://idyllic-slice-361403.appspot.com/dataset/energy_drink/energy_drink0003.jpg,energy_drink
gs://idyllic-slice-361403.appspot.com/dataset/energy_drink/energy_drink0004.jpg,energy_drink
gs://idyllic-slice-361403.appspot.com/dataset/energy_drink/energy_drink0005.jpg,energy_drink
gs://idyllic-slice-361403.appspot.com/dataset/energy_drink/energy_drink0006.jpg,energy_drink
gs://idyllic-slice-361403.appspot.com/dataset/energy_drink/energy_drink0007.jpg,energy_drink
gs://idyllic-slice-361403.appspot.com/dataset/energy_drink/energy_drink0008.jpg,energy_drink
gs://idyllic-slice-361403.appspot.com/dataset/energy_drink/energy_drink0009.jpg,energy_drink
gs://idyllic-slice-361403.appspot.com/dataset/energy_drink/energy_drink0010.jpg,energy_drink
gs://idyllic-slice-361403.appspot.com/dataset/energy_drink/energy_drink0011.jpg,energy_drink
gs://idyllic-slice-361403.appspot.com/dataset/energy_drink/energy_drink0012.jpg,energy_drink
gs://idyllic-slice-361403.appspot.com/dataset/energy_drink/energy_drink0013.jpg,energy_drink
gs://idyllic-slice-361403.appspot.com/dataset/energy_drink/energy_drink0014.jpg,energy_drink
gs://idyllic-slice-361403.appspot.com/dataset/energy_drink/energy_drink0015.jpg,energy_drink
gs://idyllic-slice-361403.appspot.com/dataset/energy_drink/energy_drink0016.jpg,energy_drink
gs://idyllic-slice-361403.appspot.com/dataset/energy_drink/energy_drink0017.jpg,energy_drink
gs://idyllic-slice-361403.appspot.com/dataset/energy_drink/energy_drink0018.jpg,energy_drink
gs://idyllic-slice-361403.appspot.com/dataset/energy_drink/energy_drink0019.jpg,energy_drink
gs://idyllic-slice-361403.appspot.com/dataset/energy_drink/energy_drink0020.jpg,energy_drink
gs://idyllic-slice-361403.appspot.com/dataset/energy_drink/energy_drink0021.jpg,energy_drink
gs://idyllic-slice-361403.appspot.com/dataset/energy_drink/energy_drink0022.jpg,energy_drink
gs://idyllic-slice-361403.appspot.com/dataset/energy_drink/energy_drink0023.jpg,energy_drink
gs://idyllic-slice-361403.appspot.com/dataset/energy_drink/energy_drink0024.jpg,energy_drink
gs://idyllic-slice-361403.appspot.com/dataset/energy_drink/energy_drink0025.jpg,energy_drink
gs://idyllic-slice-361403.appspot.com/dataset/energy_drink/energy_drink0026.jpg,energy_drink
gs://idyllic-slice-361403.appspot.com/dataset/energy_drink/energy_drink0027.jpg,energy_drink
gs://idyllic-slice-361403.appspot.com/dataset/energy_drink/energy_drink0028.jpg,energy_drink
gs://idyllic-slice-361403.appspot.com/dataset/energy_drink/energy_drink0029.jpg,energy_drink
gs://idyllic-slice-361403.appspot.com/dataset/energy_drink/energy_drink0030.jpg,energy_drink
gs://idyllic-slice-361403.appspot.com/dataset/energy_drink/energy_drink0031.jpg,energy_drink
gs://idyllic-slice-361403.appspot.com/dataset/energy_drink/energy_drink0032.jpg,energy_drink
gs://idyllic-slice-361403.appspot.com/dataset/energy_drink/energy_drink0033.jpg,energy_drink
gs://idyllic-slice-361403.appspot.com/dataset/energy_drink/energy_drink0034.jpg,energy_drink
gs://idyllic-slice-361403.appspot.com/dataset/energy_drink/energy_drink0035.jpg,energy_drink
gs://idyllic-slice-361403.appspot.com/dataset/energy_drink/energy_drink0036.jpg,energy_drink
gs://idyllic-slice-361403.appspot.com/dataset/energy_drink/energy_drink0037.jpg,energy_drink
gs://idyllic-slice-361403.appspot.com/dataset/energy_drink/energy_drink0038.jpg,energy_drink
gs://idyllic-slice-361403.appspot.com/dataset/energy_drink/energy_drink0039.jpg,energy_drink
gs://idyllic-slice-361403.appspot.com/dataset/energy_drink/energy_drink0040.jpg,energy_drink
gs://idyllic-slice-361403.appspot.com/dataset/energy_drink/energy_drink0041.jpg,energy_drink
gs://idyllic-slice-361403.appspot.com/dataset/energy_drink/energy_drink0042.jpg,energy_drink
gs://idyllic-slice-361403.appspot.com/dataset/energy_drink/energy_drink0043.jpg,energy_drink
gs://idyllic-slice-361403.appspot.com/dataset/energy_drink/energy_drink0044.jpg,energy_drink
gs://idyllic-slice-361403.appspot.com/dataset/energy_drink/energy_drink0045.jpg,energy_drink
gs://idyllic-slice-361403.appspot.com/dataset/energy_drink/energy_drink0046.jpg,energy_drink
gs://idyllic-slice-361403.appspot.com/dataset/energy_drink/energy_drink0047.jpg,energy_drink
gs://idyllic-slice-361403.appspot.com/dataset/energy_drink/energy_drink0048.jpg,energy_drink
gs://idyllic-slice-361403.appspot.com/dataset/energy_drink/energy_drink0049.jpg,energy_drink
gs://idyllic-slice-361403.appspot.com/dataset/energy_drink/energy_drink0050.jpg,energy_drink
gs://idyllic-slice-361403.appspot.com/dataset/energy_drink/energy_drink0051.jpg,energy_drink
gs://idyllic-slice-361403.appspot.com/dataset/energy_drink/energy_drink0052.jpg,energy_drink
gs://idyllic-slice-361403.appspot.com/dataset/energy_drink/energy_drink0053.jpg,energy_drink
gs://idyllic-slice-361403.appspot.com/dataset/energy_drink/energy_drink0054.jpg,energy_drink
gs://idyllic-slice-361403.appspot.com/dataset/energy_drink/energy_drink0055.jpg,energy_drink
gs://idyllic-slice-361403.appspot.com/dataset/energy_drink/energy_drink0056.jpg,energy_drink
gs://idyllic-slice-361403.appspot.com/dataset/energy_drink/energy_drink0057.jpg,energy_drink
gs://idyllic-slice-361403.appspot.com/dataset/energy_drink/energy_drink0058.jpg,energy_drink
gs://idyllic-slice-361403.appspot.com/dataset/energy_drink/energy_drink0059.jpg,energy_drink
gs://idyllic-slice-361403.appspot.com/dataset/energy_drink/energy_drink0060.jpg,energy_drink
gs://idyllic-slice-361403.appspot.com/dataset/energy_drink/energy_drink0061.jpg,energy_drink
gs://idyllic-slice-361403.appspot.com/dataset/energy_drink/energy_drink0062.jpg,energy_drink
gs://idyllic-slice-361403.appspot.com/dataset/energy_drink/energy_drink0063.jpg,energy_drink
gs://idyllic-slice-361403.appspot.com/dataset/energy_drink/energy_drink0064.jpg,energy_drink
gs://idyllic-slice-361403.appspot.com/dataset/energy_drink/energy_drink0065.jpg,energy_drink
gs://idyllic-slice-361403.appspot.com/dataset/energy_drink/energy_drink0066.jpg,energy_drink
gs://idyllic-slice-361403.appspot.com/dataset/energy_drink/energy_drink0067.jpg,energy_drink
gs://idyllic-slice-361403.appspot.com/dataset/energy_drink/energy_drink0068.jpg,energy_drink
gs://idyllic-slice-361403.appspot.com/dataset/energy_drink/energy_drink0069.jpg,energy_drink
gs://idyllic-slice-361403.appspot.com/dataset/energy_drink/energy_drink0070.jpg,energy_drink
gs://idyllic-slice-361403.appspot.com/dataset/energy_drink/energy_drink0071.jpg,energy_drink
gs://idyllic-slice-361403.appspot.com/dataset/energy_drink/energy_drink0072.jpg,energy_drink
gs://idyllic-slice-361403.appspot.com/dataset/energy_drink/energy_drink0073.jpg,energy_drink
gs://idyllic-slice-361403.appspot.com/dataset/energy_drink/energy_drink0074.jpg,energy_drink
gs://idyllic-slice-361403.appspot.com/dataset/energy_drink/energy_drink0075.jpg,energy_drink
gs://idyllic-slice-361403.appspot.com/dataset/energy_drink/energy_drink0076.jpg,energy_drink
gs://idyllic-slice-361403.appspot.com/dataset/energy_drink/energy_drink0077.jpg,energy_drink
gs://idyllic-slice-361403.appspot.com/dataset/energy_drink/energy_drink0078.jpg,energy_drink
gs://idyllic-slice-361403.appspot.com/dataset/energy_drink/energy_drink0079.jpg,energy_drink
gs://idyllic-slice-361403.appspot.com/dataset/energy_drink/energy_drink0080.jpg,energy_drink
gs://idyllic-slice-361403.appspot.com/dataset/energy_drink/energy_drink0081.jpg,energy_drink
gs://idyllic-slice-361403.appspot.com/dataset/energy_drink/energy_drink0082.jpg,energy_drink
gs://idyllic-slice-361403.appspot.com/dataset/energy_drink/energy_drink0083.jpg,energy_drink
gs://idyllic-slice-361403.appspot.com/dataset/energy_drink/energy_drink0084.jpg,energy_drink
gs://idyllic-slice-361403.appspot.com/dataset/energy_drink/energy_drink0085.jpg,energy_drink
gs://idyllic-slice-361403.appspot.com/dataset/energy_drink/energy_drink0086.jpg,energy_drink
gs://idyllic-slice-361403.appspot.com/dataset/energy_drink/energy_drink0087.jpg,energy_drink
gs://idyllic-slice-361403.appspot.com/dataset/energy_drink/energy_drink0088.jpg,energy_drink
gs://idyllic-slice-361403.appspot.com/dataset/energy_drink/energy_drink0089.jpg,energy_drink
gs://idyllic-slice-361403.appspot.com/dataset/energy_drink/energy_drink0090.jpg,energy_drink
gs://idyllic-slice-361403.appspot.com/dataset/energy_drink/energy_drink0091.jpg,energy_drink
gs://idyllic-slice-361403.appspot.com/dataset/energy_drink/energy_drink0092.jpg,energy_drink
gs://idyllic-slice-361403.appspot.com/dataset/energy_drink/energy_drink0093.jpg,energy_drink
gs://idyllic-slice-361403.appspot.com/dataset/energy_drink/energy_drink0094.jpg,energy_drink
gs://idyllic-slice-361403.appspot.com/dataset/energy_drink/energy_drink0095.jpg,energy_drink
gs://idyllic-slice-361403.appspot.com/dataset/energy_drink/energy_drink0096.jpg,energy_drink
gs://idyllic-slice-361403.appspot.com/dataset/energy_drink/energy_drink0097.jpg,energy_drink
gs://idyllic-slice-361403.appspot.com/dataset/energy_drink/energy_drink0098.jpg,energy_drink
gs://idyllic-slice-361403.appspot.com/dataset/energy_drink/energy_drink0099.jpg,energy_drink
gs://idyllic-slice-361403.appspot.com/dataset/energy_drink/energy_drink0100.jpg,energy_drink
gs://idyllic-slice-361403.appspot.com/dataset/energy_drink/energy_drink0101.jpg,energy_drink
gs://idyllic-slice-361403.appspot.com/dataset/energy_drink/energy_drink0102.jpg,energy_drink
gs://idyllic-slice-361403.appspot.com/dataset/energy_drink/energy_drink0103.jpg,energy_drink
gs://idyllic-slice-361403.appspot.com/dataset/energy_drink/energy_drink0104.jpg,energy_drink
gs://idyllic-slice-361403.appspot.com/dataset/energy_drink/energy_drink0105.jpg,energy_drink
gs://idyllic-slice-361403.appspot.com/dataset/energy_drink/energy_drink0106.jpg,energy_drink
gs://idyllic-slice-361403.appspot.com/dataset/energy_drink/energy_drink0107.jpg,energy_drink
gs://idyllic-slice-361403.appspot.com/dataset/energy_drink/energy_drink0108.jpg,energy_drink
gs://idyllic-slice-361403.appspot.com/dataset/energy_drink/energy_drink0109.jpg,energy_drink
gs://idyllic-slice-361403.appspot.com/dataset/energy_drink/energy_drink0110.jpg,energy_drink
gs://idyllic-slice-361403.appspot.com/dataset/energy_drink/energy_drink0111.jpg,energy_drink
gs://idyllic-slice-361403.appspot.com/dataset/energy_drink/energy_drink0112.jpg,energy_drink
gs://idyllic-slice-361403.appspot.com/dataset/energy_drink/energy_drink0113.jpg,energy_drink
gs://idyllic-slice-361403.appspot.com/dataset/energy_drink/energy_drink0114.jpg,energy_drink
gs://idyllic-slice-361403.appspot.com/dataset/energy_drink/energy_drink0115.jpg,energy_drink
gs://idyllic-slice-361403.appspot.com/dataset/energy_drink/energy_drink0116.jpg,energy_drink
gs://idyllic-slice-361403.appspot.com/dataset/energy_drink/energy_drink0117.jpg,energy_drink
gs://idyllic-slice-361403.appspot.com/dataset/energy_drink/energy_drink0118.jpg,energy_drink
gs://idyllic-slice-361403.appspot.com/dataset/energy_drink/energy_drink0119.jpg,energy_drink
gs://idyllic-slice-361403.appspot.com/dataset/energy_drink/energy_drink0120.jpg,energy_drink
gs://idyllic-slice-361403.appspot.com/dataset/energy_drink/energy_drink0121.jpg,energy_drink
gs://idyllic-slice-361403.appspot.com/dataset/energy_drink/energy_drink0122.jpg,energy_drink
gs://idyllic-slice-361403.appspot.com/dataset/energy_drink/energy_drink0123.jpg,energy_drink
gs://idyllic-slice-361403.appspot.com/dataset/energy_drink/energy_drink0124.jpg,energy_drink
gs://idyllic-slice-361403.appspot.com/dataset/energy_drink/energy_drink0125.jpg,energy_drink
gs://idyllic-slice-361403.appspot.com/dataset/energy_drink/energy_drink0126.jpg,energy_drink
gs://idyllic-slice-361403.appspot.com/dataset/energy_drink/energy_drink0127.jpg,energy_drink
gs://idyllic-slice-361403.appspot.com/dataset/energy_drink/energy_drink0128.jpg,energy_drink
gs://idyllic-slice-361403.appspot.com/dataset/energy_drink/energy_drink0129.jpg,energy_drink
gs://idyllic-slice-361403.appspot.com/dataset/energy_drink/energy_drink0130.jpg,energy_drink
gs://idyllic-slice-361403.appspot.com/dataset/energy_drink/energy_drink0131.jpg,energy_drink
gs://idyllic-slice-361403.appspot.com/dataset/energy_drink/energy_drink0132.jpg,energy_drink
gs://idyllic-slice-361403.appspot.com/dataset/energy_drink/energy_drink0133.jpg,energy_drink
gs://idyllic-slice-361403.appspot.com/dataset/energy_drink/energy_drink0134.jpg,energy_drink
gs://idyllic-slice-361403.appspot.com/dataset/energy_drink/energy_drink0135.jpg,energy_drink
gs://idyllic-slice-361403.appspot.com/dataset/energy_drink/energy_drink0136.jpg,energy_drink
gs://idyllic-slice-361403.appspot.com/dataset/energy_drink/energy_drink0137.jpg,energy_drink
gs://idyllic-slice-361403.appspot.com/dataset/energy_drink/energy_drink0138.jpg,energy_drink
gs://idyllic-slice-361403.appspot.com/dataset/energy_drink/energy_drink0139.jpg,energy_drink
gs://idyllic-slice-361403.appspot.com/dataset/energy_drink/energy_drink0140.jpg,energy_drink
gs://idyllic-slice-361403.appspot.com/dataset/energy_drink/energy_drink0141.jpg,energy_drink
gs://idyllic-slice-361403.appspot.com/dataset/energy_drink/energy_drink0142.jpg,energy_drink
gs://idyllic-slice-361403.appspot.com/dataset/energy_drink/energy_drink0143.jpg,energy_drink
gs://idyllic-slice-361403.appspot.com/dataset/energy_drink/energy_drink0144.jpg,energy_drink
gs://idyllic-slice-361403.appspot.com/dataset/energy_drink/energy_drink0145.jpg,energy_drink
gs://idyllic-slice-361403.appspot.com/dataset/energy_drink/energy_drink0146.jpg,energy_drink
gs://idyllic-slice-361403.appspot.com/dataset/energy_drink/energy_drink0147.jpg,energy_drink
gs://idyllic-slice-361403.appspot.com/dataset/energy_drink/energy_drink0148.jpg,energy_drink
gs://idyllic-slice-361403.appspot.com/dataset/energy_drink/energy_drink0149.jpg,energy_drink
gs://idyllic-slice-361403.appspot.com/dataset/energy_drink/energy_drink0150.jpg,energy_drink
gs://idyllic-slice-361403.appspot.com/dataset/energy_drink/energy_drink0151.jpg,energy_drink
gs://idyllic-slice-361403.appspot.com/dataset/energy_drink/energy_drink0152.jpg,energy_drink
gs://idyllic-slice-361403.appspot.com/dataset/energy_drink/energy_drink0153.jpg,energy_drink
gs://idyllic-slice-361403.appspot.com/dataset/energy_drink/energy_drink0154.jpg,energy_drink
gs://idyllic-slice-361403.appspot.com/dataset/energy_drink/energy_drink0155.jpg,energy_drink
gs://idyllic-slice-361403.appspot.com/dataset/energy_drink/energy_drink0156.jpg,energy_drink
gs://idyllic-slice-361403.appspot.com/dataset/energy_drink/energy_drink0157.jpg,energy_drink
gs://idyllic-slice-361403.appspot.com/dataset/energy_drink/energy_drink0158.jpg,energy_drink
gs://idyllic-slice-361403.appspot.com/dataset/energy_drink/energy_drink0159.jpg,energy_drink
gs://idyllic-slice-361403.appspot.com/dataset/energy_drink/energy_drink0160.jpg,energy_drink
gs://idyllic-slice-361403.appspot.com/dataset/energy_drink/energy_drink0161.jpg,energy_drink
gs://idyllic-slice-361403.appspot.com/dataset/energy_drink/energy_drink0162.jpg,energy_drink
gs://idyllic-slice-361403.appspot.com/dataset/energy_drink/energy_drink0163.jpg,energy_drink
gs://idyllic-slice-361403.appspot.com/dataset/energy_drink/energy_drink0164.jpg,energy_drink
gs://idyllic-slice-361403.appspot.com/dataset/energy_drink/energy_drink0165.jpg,energy_drink
gs://idyllic-slice-361403.appspot.com/dataset/energy_drink/energy_drink0166.jpg,energy_drink
gs://idyllic-slice-361403.appspot.com/dataset/energy_drink/energy_drink0167.jpg,energy_drink
gs://idyllic-slice-361403.appspot.com/dataset/energy_drink/energy_drink0168.jpg,energy_drink
gs://idyllic-slice-361403.appspot.com/dataset/energy_drink/energy_drink0169.jpg,energy_drink
gs://idyllic-slice-361403.appspot.com/dataset/energy_drink/energy_drink0170.jpg,energy_drink
gs://idyllic-slice-361403.appspot.com/dataset/energy_drink/energy_drink0171.jpg,energy_drink
gs://idyllic-slice-361403.appspot.com/dataset/energy_drink/energy_drink0172.jpg,energy_drink
gs://idyllic-slice-361403.appspot.com/dataset/energy_drink/energy_drink0173.jpg,energy_drink
gs://idyllic-slice-361403.appspot.com/dataset/energy_drink/energy_drink0174.jpg,energy_drink
gs://idyllic-slice-361403.appspot.com/dataset/energy_drink/energy_drink0175.jpg,energy_drink
gs://idyllic-slice-361403.appspot.com/dataset/energy_drink/energy_drink0176.jpg,energy_drink
gs://idyllic-slice-361403.appspot.com/dataset/energy_drink/energy_drink0177.jpg,energy_drink
gs://idyllic-slice-361403.appspot.com/dataset/energy_drink/energy_drink0178.jpg,energy_drink
gs://idyllic-slice-361403.appspot.com/dataset/energy_drink/energy_drink0179.jpg,energy_drink
gs://idyllic-slice-361403.appspot.com/dataset/energy_drink/energy_drink0180.jpg,energy_drink
gs://idyllic-slice-361403.appspot.com/dataset/energy_drink/energy_drink0181.jpg,energy_drink
gs://idyllic-slice-361403.appspot.com/dataset/energy_drink/energy_drink0182.jpg,energy_drink
gs://idyllic-slice-361403.appspot.com/dataset/energy_drink/energy_drink0183.jpg,energy_drink
gs://idyllic-slice-361403.appspot.com/dataset/energy_drink/energy_drink0184.jpg,energy_drink
gs://idyllic-slice-361403.appspot.com/dataset/energy_drink/energy_drink0185.jpg,energy_drink
gs://idyllic-slice-361403.appspot.com/dataset/energy_drink/energy_drink0186.jpg,energy_drink
gs://idyllic-slice-361403.appspot.com/dataset/energy_drink/energy_drink0187.jpg,energy_drink
gs://idyllic-slice-361403.appspot.com/dataset/energy_drink/energy_drink0188.jpg,energy_drink
gs://idyllic-slice-361403.appspot.com/dataset/energy_drink/energy_drink0189.jpg,energy_drink
gs://idyllic-slice-361403.appspot.com/dataset/energy_drink/energy_drink0190.jpg,energy_drink
gs://idyllic-slice-361403.appspot.com/dataset/energy_drink/energy_drink0191.jpg,energy_drink
gs://idyllic-slice-361403.appspot.com/dataset/energy_drink/energy_drink0192.jpg,energy_drink
gs://idyllic-slice-361403.appspot.com/dataset/energy_drink/energy_drink0193.jpg,energy_drink
gs://idyllic-slice-361403.appspot.com/dataset/energy_drink/energy_drink0194.jpg,energy_drink
gs://idyllic-slice-361403.appspot.com/dataset/energy_drink/energy_drink0195.jpg,energy_drink
gs://idyllic-slice-361403.appspot.com/dataset/energy_drink/energy_drink0196.jpg,energy_drink
gs://idyllic-slice-361403.appspot.com/dataset/energy_drink/energy_drink0197.jpg,energy_drink
gs://idyllic-slice-361403.appspot.com/dataset/energy_drink/energy_drink0198.jpg,energy_drink
gs://idyllic-slice-361403.appspot.com/dataset/energy_drink/energy_drink0199.jpg,energy_drink
gs://idyllic-slice-361403.appspot.com/dataset/energy_drink/energy_drink0200.jpg,energy_drink
gs://idyllic-slice-361403.appspot.com/dataset/energy_drink/energy_drink0201.jpg,energy_drink
gs://idyllic-slice-361403.appspot.com/dataset/energy_drink/energy_drink0202.jpg,energy_drink
gs://idyllic-slice-361403.appspot.com/dataset/energy_drink/energy_drink0203.jpg,energy_drink
gs://idyllic-slice-361403.appspot.com/dataset/energy_drink/energy_drink0204.jpg,energy_drink
gs://idyllic-slice-361403.appspot.com/dataset/energy_drink/energy_drink0205.jpg,energy_drink
gs://idyllic-slice-361403.appspot.com/dataset/energy_drink/energy_drink0206.jpg,energy_drink
gs://idyllic-slice-361403.appspot.com/dataset/energy_drink/energy_drink0207.jpg,energy_drink
gs://idyllic-slice-361403.appspot.com/dataset/energy_drink/energy_drink0208.jpg,energy_drink
gs://idyllic-slice-361403.appspot.com/dataset/energy_drink/energy_drink0209.jpg,energy_drink
gs://idyllic-slice-361403.appspot.com/dataset/energy_drink/energy_drink0210.jpg,energy_drink
gs://idyllic-slice-361403.appspot.com/dataset/energy_drink/energy_drink0211.jpg,energy_drink
gs://idyllic-slice-361403.appspot.com/dataset/energy_drink/energy_drink0212.jpg,energy_drink
gs://idyllic-slice-361403.appspot.com/dataset/energy_drink/energy_drink0213.jpg,energy_drink
gs://idyllic-slice-361403.appspot.com/dataset/energy_drink/energy_drink0214.jpg,energy_drink
gs://idyllic-slice-361403.appspot.com/dataset/energy_drink/energy_drink0215.jpg,energy_drink
gs://idyllic-slice-361403.appspot.com/dataset/energy_drink/energy_drink0216.jpg,energy_drink
gs://idyllic-slice-361403.appspot.com/dataset/energy_drink/energy_drink0217.jpg,energy_drink
gs://idyllic-slice-361403.appspot.com/dataset/energy_drink/energy_drink0218.jpg,energy_drink
gs://idyllic-slice-361403.appspot.com/dataset/energy_drink/energy_drink0219.jpg,energy_drink
gs://idyllic-slice-361403.appspot.com/dataset/energy_drink/energy_drink0220.jpg,energy_drink
gs://idyllic-slice-361403.appspot.com/dataset/energy_drink/energy_drink0221.jpg,energy_drink
gs://idyllic-slice-361403.appspot.com/dataset/energy_drink/energy_drink0222.jpg,energy_drink
gs://idyllic-slice-361403.appspot.com/dataset/energy_drink/energy_drink0223.jpg,energy_drink
gs://idyllic-slice-361403.appspot.com/dataset/energy_drink/energy_drink0224.jpg,energy_drink
gs://idyllic-slice-361403.appspot.com/dataset/energy_drink/energy_drink0225.jpg,energy_drink
gs://idyllic-slice-361403.appspot.com/dataset/energy_drink/energy_drink0226.jpg,energy_drink
gs://idyllic-slice-361403.appspot.com/dataset/energy_drink/energy_drink0227.jpg,energy_drink
gs://idyllic-slice-361403.appspot.com/dataset/energy_drink/energy_drink0228.jpg,energy_drink
gs://idyllic-slice-361403.appspot.com/dataset/energy_drink/energy_drink0229.jpg,energy_drink
gs://idyllic-slice-361403.appspot.com/dataset/energy_drink/energy_drink0230.jpg,energy_drink
gs://idyllic-slice-361403.appspot.com/dataset/energy_drink/energy_drink0231.jpg,energy_drink
gs://idyllic-slice-361403.appspot.com/dataset/energy_drink/energy_drink0232.jpg,energy_drink
gs://idyllic-slice-361403.appspot.com/dataset/energy_drink/energy_drink0233.jpg,energy_drink
gs://idyllic-slice-361403.appspot.com/dataset/energy_drink/energy_drink0234.jpg,energy_drink
gs://idyllic-slice-361403.appspot.com/dataset/energy_drink/energy_drink0235.jpg,energy_drink
gs://idyllic-slice-361403.appspot.com/dataset/energy_drink/energy_drink0236.jpg,energy_drink
gs://idyllic-slice-361403.appspot.com/dataset/energy_drink/energy_drink0237.jpg,energy_drink
gs://idyllic-slice-361403.appspot.com/dataset/energy_drink/energy_drink0238.jpg,energy_drink
gs://idyllic-slice-361403.appspot.com/dataset/energy_drink/energy_drink0239.jpg,energy_drink
gs://idyllic-slice-361403.appspot.com/dataset/energy_drink/energy_drink0240.jpg,energy_drink
gs://idyllic-slice-361403.appspot.com/dataset/energy_drink/energy_drink0241.jpg,energy_drink
gs://idyllic-slice-361403.appspot.com/dataset/energy_drink/energy_drink0242.jpg,energy_drink
gs://idyllic-slice-361403.appspot.com/dataset/energy_drink/energy_drink0243.jpg,energy_drink
gs://idyllic-slice-361403.appspot.com/dataset/energy_drink/energy_drink0244.jpg,energy_drink
gs://idyllic-slice-361403.appspot.com/dataset/energy_drink/energy_drink0245.jpg,energy_drink
gs://idyllic-slice-361403.appspot.com/dataset/energy_drink/energy_drink0246.jpg,energy_drink
gs://idyllic-slice-361403.appspot.com/dataset/energy_drink/energy_drink0247.jpg,energy_drink
gs://idyllic-slice-361403.appspot.com/dataset/energy_drink/energy_drink0248.jpg,energy_drink
gs://idyllic-slice-361403.appspot.com/dataset/energy_drink/energy_drink0249.jpg,energy_drink
gs://idyllic-slice-361403.appspot.com/dataset/energy_drink/energy_drink0250.jpg,energy_drink
gs://idyllic-slice-361403.appspot.com/dataset/energy_drink/energy_drink0251.jpg,energy_drink
gs://idyllic-slice-361403.appspot.com/dataset/energy_drink/energy_drink0252.jpg,energy_drink
gs://idyllic-slice-361403.appspot.com/dataset/energy_drink/energy_drink0253.jpg,energy_drink
gs://idyllic-slice-361403.appspot.com/dataset/energy_drink/energy_drink0254.jpg,energy_drink
gs://idyllic-slice-361403.appspot.com/dataset/energy_drink/energy_drink0255.jpg,energy_drink
gs://idyllic-slice-361403.appspot.com/dataset/energy_drink/energy_drink0256.jpg,energy_drink
gs://idyllic-slice-361403.appspot.com/dataset/energy_drink/energy_drink0257.jpg,energy_drink
gs://idyllic-slice-361403.appspot.com/dataset/energy_drink/energy_drink0258.jpg,energy_drink
gs://idyllic-slice-361403.appspot.com/dataset/energy_drink/energy_drink0259.jpg,energy_drink
gs://idyllic-slice-361403.appspot.com/dataset/energy_drink/energy_drink0260.jpg,energy_drink
gs://idyllic-slice-361403.appspot.com/dataset/energy_drink/energy_drink0261.jpg,energy_drink
gs://idyllic-slice-361403.appspot.com/dataset/energy_drink/energy_drink0262.jpg,energy_drink
gs://idyllic-slice-361403.appspot.com/dataset/energy_drink/energy_drink0263.jpg,energy_drink
gs://idyllic-slice-361403.appspot.com/dataset/energy_drink/energy_drink0264.jpg,energy_drink
gs://idyllic-slice-361403.appspot.com/dataset/energy_drink/energy_drink0265.jpg,energy_drink
gs://idyllic-slice-361403.appspot.com/dataset/energy_drink/energy_drink0266.jpg,energy_drink
gs://idyllic-slice-361403.appspot.com/dataset/energy_drink/energy_drink0267.jpg,energy_drink
gs://idyllic-slice-361403.appspot.com/dataset/energy_drink/energy_drink0268.jpg,energy_drink
gs://idyllic-slice-361403.appspot.com/dataset/energy_drink/energy_drink0269.jpg,energy_drink
gs://idyllic-slice-361403.appspot.com/dataset/energy_drink/energy_drink0270.jpg,energy_drink
gs://idyllic-slice-361403.appspot.com/dataset/energy_drink/energy_drink0271.jpg,energy_drink
gs://idyllic-slice-361403.appspot.com/dataset/energy_drink/energy_drink0272.jpg,energy_drink
gs://idyllic-slice-361403.appspot.com/dataset/energy_drink/energy_drink0273.jpg,energy_drink
gs://idyllic-slice-361403.appspot.com/dataset/energy_drink/energy_drink0274.jpg,energy_drink
gs://idyllic-slice-361403.appspot.com/dataset/energy_drink/energy_drink0275.jpg,energy_drink
gs://idyllic-slice-361403.appspot.com/dataset/energy_drink/energy_drink0276.jpg,energy_drink
gs://idyllic-slice-361403.appspot.com/dataset/energy_drink/energy_drink0277.jpg,energy_drink
gs://idyllic-slice-361403.appspot.com/dataset/energy_drink/energy_drink0278.jpg,energy_drink
gs://idyllic-slice-361403.appspot.com/dataset/energy_drink/energy_drink0279.jpg,energy_drink
gs://idyllic-slice-361403.appspot.com/dataset/energy_drink/energy_drink0280.jpg,energy_drink
gs://idyllic-slice-361403.appspot.com/dataset/energy_drink/energy_drink0281.jpg,energy_drink
gs://idyllic-slice-361403.appspot.com/dataset/energy_drink/energy_drink0282.jpg,energy_drink
gs://idyllic-slice-361403.appspot.com/dataset/energy_drink/energy_drink0283.jpg,energy_drink
gs://idyllic-slice-361403.appspot.com/dataset/energy_drink/energy_drink0284.jpg,energy_drink
gs://idyllic-slice-361403.appspot.com/dataset/energy_drink/energy_drink0285.jpg,energy_drink
gs://idyllic-slice-361403.appspot.com/dataset/energy_drink/energy_drink0286.jpg,energy_drink
gs://idyllic-slice-361403.appspot.com/dataset/energy_drink/energy_drink0287.jpg,energy_drink
gs://idyllic-slice-361403.appspot.com/dataset/energy_drink/energy_drink0288.jpg,energy_drink
gs://idyllic-slice-361403.appspot.com/dataset/energy_drink/energy_drink0289.jpg,energy_drink
gs://idyllic-slice-361403.appspot.com/dataset/energy_drink/energy_drink0290.jpg,energy_drink
gs://idyllic-slice-361403.appspot.com/dataset/energy_drink/energy_drink0291.jpg,energy_drink
gs://idyllic-slice-361403.appspot.com/dataset/energy_drink/energy_drink0292.jpg,energy_drink
gs://idyllic-slice-361403.appspot.com/dataset/energy_drink/energy_drink0293.jpg,energy_drink
gs://idyllic-slice-361403.appspot.com/dataset/energy_drink/energy_drink0294.jpg,energy_drink
gs://idyllic-slice-361403.appspot.com/dataset/energy_drink/energy_drink0295.jpg,energy_drink
gs://idyllic-slice-361403.appspot.com/dataset/energy_drink/energy_drink0296.jpg,energy_drink
gs://idyllic-slice-361403.appspot.com/dataset/energy_drink/energy_drink0297.jpg,energy_drink
gs://idyllic-slice-361403.appspot.com/dataset/energy_drink/energy_drink0298.jpg,energy_drink
gs://idyllic-slice-361403.appspot.com/dataset/energy_drink/energy_drink0299.jpg,energy_drink
gs://idyllic-slice-361403.appspot.com/dataset/energy_drink/energy_drink0300.jpg,energy_drink
gs://idyllic-slice-361403.appspot.com/dataset/energy_drink/energy_drink0301.jpg,energy_drink
gs://idyllic-slice-361403.appspot.com/dataset/energy_drink/energy_drink0302.jpg,energy_drink
gs://idyllic-slice-361403.appspot.com/dataset/energy_drink/energy_drink0303.jpg,energy_drink
gs://idyllic-slice-361403.appspot.com/dataset/energy_drink/energy_drink0304.jpg,energy_drink
gs://idyllic-slice-361403.appspot.com/dataset/energy_drink/energy_drink0305.jpg,energy_drink
gs://idyllic-slice-361403.appspot.com/dataset/energy_drink/energy_drink0306.jpg,energy_drink
gs://idyllic-slice-361403.appspot.com/dataset/energy_drink/energy_drink0307.jpg,energy_drink
gs://idyllic-slice-361403.appspot.com/dataset/energy_drink/energy_drink0308.jpg,energy_drink
gs://idyllic-slice-361403.appspot.com/dataset/energy_drink/energy_drink0309.jpg,energy_drink
gs://idyllic-slice-361403.appspot.com/dataset/energy_drink/energy_drink0310.jpg,energy_drink
gs://idyllic-slice-361403.appspot.com/dataset/energy_drink/energy_drink0311.jpg,energy_drink
gs://idyllic-slice-361403.appspot.com/dataset/energy_drink/energy_drink0312.jpg,energy_drink
gs://idyllic-slice-361403.appspot.com/dataset/energy_drink/energy_drink0313.jpg,energy_drink
gs://idyllic-slice-361403.appspot.com/dataset/energy_drink/energy_drink0314.jpg,energy_drink
gs://idyllic-slice-361403.appspot.com/dataset/energy_drink/energy_drink0315.jpg,energy_drink
gs://idyllic-slice-361403.appspot.com/dataset/energy_drink/energy_drink0316.jpg,energy_drink
gs://idyllic-slice-361403.appspot.com/dataset/energy_drink/energy_drink0317.jpg,energy_drink
gs://idyllic-slice-361403.appspot.com/dataset/energy_drink/energy_drink0318.jpg,energy_drink
gs://idyllic-slice-361403.appspot.com/dataset/energy_drink/energy_drink0319.jpg,energy_drink
gs://idyllic-slice-361403.appspot.com/dataset/energy_drink/energy_drink0320.jpg,energy_drink
gs://idyllic-slice-361403.appspot.com/dataset/energy_drink/energy_drink0321.jpg,energy_drink
gs://idyllic-slice-361403.appspot.com/dataset/energy_drink/energy_drink0322.jpg,energy_drink
gs://idyllic-slice-361403.appspot.com/dataset/energy_drink/energy_drink0323.jpg,energy_drink
gs://idyllic-slice-361403.appspot.com/dataset/energy_drink/energy_drink0324.jpg,energy_drink
gs://idyllic-slice-361403.appspot.com/dataset/energy_drink/energy_drink0325.jpg,energy_drink
gs://idyllic-slice-361403.appspot.com/dataset/energy_drink/energy_drink0326.jpg,energy_drink
gs://idyllic-slice-361403.appspot.com/dataset/energy_drink/energy_drink0327.jpg,energy_drink
gs://idyllic-slice-361403.appspot.com/dataset/energy_drink/energy_drink0328.jpg,energy_drink
gs://idyllic-slice-361403.appspot.com/dataset/energy_drink/energy_drink0329.jpg,energy_drink
gs://idyllic-slice-361403.appspot.com/dataset/energy_drink/energy_drink0330.jpg,energy_drink
gs://idyllic-slice-361403.appspot.com/dataset/energy_drink/energy_drink0331.jpg,energy_drink
gs://idyllic-slice-361403.appspot.com/dataset/energy_drink/energy_drink0332.jpg,energy_drink
gs://idyllic-slice-361403.appspot.com/dataset/energy_drink/energy_drink0333.jpg,energy_drink
gs://idyllic-slice-361403.appspot.com/dataset/energy_drink/energy_drink0334.jpg,energy_drink
gs://idyllic-slice-361403.appspot.com/dataset/energy_drink/energy_drink0335.jpg,energy_drink
gs://idyllic-slice-361403.appspot.com/dataset/energy_drink/energy_drink0336.jpg,energy_drink
gs://idyllic-slice-361403.appspot.com/dataset/energy_drink/energy_drink0337.jpg,energy_drink
gs://idyllic-slice-361403.appspot.com/dataset/energy_drink/energy_drink0338.jpg,energy_drink
gs://idyllic-slice-361403.appspot.com/dataset/energy_drink/energy_drink0339.jpg,energy_drink
gs://idyllic-slice-361403.appspot.com/dataset/nuts/nuts0001.jpg,nuts
gs://idyllic-slice-361403.appspot.com/dataset/nuts/nuts0002.jpg,nuts
gs://idyllic-slice-361403.appspot.com/dataset/nuts/nuts0003.jpg,nuts
gs://idyllic-slice-361403.appspot.com/dataset/nuts/nuts0004.jpg,nuts
gs://idyllic-slice-361403.appspot.com/dataset/nuts/nuts0005.jpg,nuts
gs://idyllic-slice-361403.appspot.com/dataset/nuts/nuts0006.jpg,nuts
gs://idyllic-slice-361403.appspot.com/dataset/nuts/nuts0007.jpg,nuts
gs://idyllic-slice-361403.appspot.com/dataset/nuts/nuts0008.jpg,nuts
gs://idyllic-slice-361403.appspot.com/dataset/nuts/nuts0009.jpg,nuts
gs://idyllic-slice-361403.appspot.com/dataset/nuts/nuts0010.jpg,nuts
gs://idyllic-slice-361403.appspot.com/dataset/nuts/nuts0011.jpg,nuts
gs://idyllic-slice-361403.appspot.com/dataset/nuts/nuts0012.jpg,nuts
gs://idyllic-slice-361403.appspot.com/dataset/nuts/nuts0013.jpg,nuts
gs://idyllic-slice-361403.appspot.com/dataset/nuts/nuts0014.jpg,nuts
gs://idyllic-slice-361403.appspot.com/dataset/nuts/nuts0015.jpg,nuts
gs://idyllic-slice-361403.appspot.com/dataset/nuts/nuts0016.jpg,nuts
gs://idyllic-slice-361403.appspot.com/dataset/nuts/nuts0017.jpg,nuts
gs://idyllic-slice-361403.appspot.com/dataset/nuts/nuts0018.jpg,nuts
gs://idyllic-slice-361403.appspot.com/dataset/nuts/nuts0019.jpg,nuts
gs://idyllic-slice-361403.appspot.com/dataset/nuts/nuts0020.jpg,nuts
gs://idyllic-slice-361403.appspot.com/dataset/nuts/nuts0021.jpg,nuts
gs://idyllic-slice-361403.appspot.com/dataset/nuts/nuts0022.jpg,nuts
gs://idyllic-slice-361403.appspot.com/dataset/nuts/nuts0023.jpg,nuts
gs://idyllic-slice-361403.appspot.com/dataset/nuts/nuts0024.jpg,nuts
gs://idyllic-slice-361403.appspot.com/dataset/nuts/nuts0025.jpg,nuts
gs://idyllic-slice-361403.appspot.com/dataset/nuts/nuts0026.jpg,nuts
gs://idyllic-slice-361403.appspot.com/dataset/nuts/nuts0027.jpg,nuts
gs://idyllic-slice-361403.appspot.com/dataset/nuts/nuts0028.jpg,nuts
gs://idyllic-slice-361403.appspot.com/dataset/nuts/nuts0029.jpg,nuts
gs://idyllic-slice-361403.appspot.com/dataset/nuts/nuts0030.jpg,nuts
gs://idyllic-slice-361403.appspot.com/dataset/nuts/nuts0031.jpg,nuts
gs://idyllic-slice-361403.appspot.com/dataset/nuts/nuts0032.jpg,nuts
gs://idyllic-slice-361403.appspot.com/dataset/nuts/nuts0033.jpg,nuts
gs://idyllic-slice-361403.appspot.com/dataset/nuts/nuts0034.jpg,nuts
gs://idyllic-slice-361403.appspot.com/dataset/nuts/nuts0035.jpg,nuts
gs://idyllic-slice-361403.appspot.com/dataset/nuts/nuts0036.jpg,nuts
gs://idyllic-slice-361403.appspot.com/dataset/nuts/nuts0037.jpg,nuts
gs://idyllic-slice-361403.appspot.com/dataset/nuts/nuts0038.jpg,nuts
gs://idyllic-slice-361403.appspot.com/dataset/nuts/nuts0039.jpg,nuts
gs://idyllic-slice-361403.appspot.com/dataset/nuts/nuts0040.jpg,nuts
gs://idyllic-slice-361403.appspot.com/dataset/nuts/nuts0041.jpg,nuts
gs://idyllic-slice-361403.appspot.com/dataset/nuts/nuts0042.jpg,nuts
gs://idyllic-slice-361403.appspot.com/dataset/nuts/nuts0043.jpg,nuts
gs://idyllic-slice-361403.appspot.com/dataset/nuts/nuts0044.jpg,nuts
gs://idyllic-slice-361403.appspot.com/dataset/nuts/nuts0045.jpg,nuts
gs://idyllic-slice-361403.appspot.com/dataset/nuts/nuts0046.jpg,nuts
gs://idyllic-slice-361403.appspot.com/dataset/nuts/nuts0047.jpg,nuts
gs://idyllic-slice-361403.appspot.com/dataset/nuts/nuts0048.jpg,nuts
gs://idyllic-slice-361403.appspot.com/dataset/nuts/nuts0049.jpg,nuts
gs://idyllic-slice-361403.appspot.com/dataset/nuts/nuts0050.jpg,nuts
gs://idyllic-slice-361403.appspot.com/dataset/nuts/nuts0051.jpg,nuts
gs://idyllic-slice-361403.appspot.com/dataset/nuts/nuts0052.jpg,nuts
gs://idyllic-slice-361403.appspot.com/dataset/nuts/nuts0053.jpg,nuts
gs://idyllic-slice-361403.appspot.com/dataset/nuts/nuts0054.jpg,nuts
gs://idyllic-slice-361403.appspot.com/dataset/nuts/nuts0055.jpg,nuts
gs://idyllic-slice-361403.appspot.com/dataset/nuts/nuts0056.jpg,nuts
gs://idyllic-slice-361403.appspot.com/dataset/nuts/nuts0057.jpg,nuts
gs://idyllic-slice-361403.appspot.com/dataset/nuts/nuts0058.jpg,nuts
gs://idyllic-slice-361403.appspot.com/dataset/nuts/nuts0059.jpg,nuts
gs://idyllic-slice-361403.appspot.com/dataset/nuts/nuts0060.jpg,nuts
gs://idyllic-slice-361403.appspot.com/dataset/nuts/nuts0061.jpg,nuts
gs://idyllic-slice-361403.appspot.com/dataset/nuts/nuts0062.jpg,nuts
gs://idyllic-slice-361403.appspot.com/dataset/nuts/nuts0063.jpg,nuts
gs://idyllic-slice-361403.appspot.com/dataset/nuts/nuts0064.jpg,nuts
gs://idyllic-slice-361403.appspot.com/dataset/nuts/nuts0065.jpg,nuts
gs://idyllic-slice-361403.appspot.com/dataset/nuts/nuts0066.jpg,nuts
gs://idyllic-slice-361403.appspot.com/dataset/nuts/nuts0067.jpg,nuts
gs://idyllic-slice-361403.appspot.com/dataset/nuts/nuts0068.jpg,nuts
gs://idyllic-slice-361403.appspot.com/dataset/nuts/nuts0069.jpg,nuts
gs://idyllic-slice-361403.appspot.com/dataset/nuts/nuts0070.jpg,nuts
gs://idyllic-slice-361403.appspot.com/dataset/nuts/nuts0071.jpg,nuts
gs://idyllic-slice-361403.appspot.com/dataset/nuts/nuts0072.jpg,nuts
gs://idyllic-slice-361403.appspot.com/dataset/nuts/nuts0073.jpg,nuts
gs://idyllic-slice-361403.appspot.com/dataset/nuts/nuts0074.jpg,nuts
gs://idyllic-slice-361403.appspot.com/dataset/nuts/nuts0075.jpg,nuts
gs://idyllic-slice-361403.appspot.com/dataset/nuts/nuts0076.jpg,nuts
gs://idyllic-slice-361403.appspot.com/dataset/nuts/nuts0077.jpg,nuts
gs://idyllic-slice-361403.appspot.com/dataset/nuts/nuts0078.jpg,nuts
gs://idyllic-slice-361403.appspot.com/dataset/nuts/nuts0079.jpg,nuts
gs://idyllic-slice-361403.appspot.com/dataset/nuts/nuts0080.jpg,nuts
gs://idyllic-slice-361403.appspot.com/dataset/nuts/nuts0081.jpg,nuts
gs://idyllic-slice-361403.appspot.com/dataset/nuts/nuts0082.jpg,nuts
gs://idyllic-slice-361403.appspot.com/dataset/nuts/nuts0083.jpg,nuts
gs://idyllic-slice-361403.appspot.com/dataset/nuts/nuts0084.jpg,nuts
gs://idyllic-slice-361403.appspot.com/dataset/nuts/nuts0085.jpg,nuts
gs://idyllic-slice-361403.appspot.com/dataset/nuts/nuts0086.jpg,nuts
gs://idyllic-slice-361403.appspot.com/dataset/nuts/nuts0087.jpg,nuts
gs://idyllic-slice-361403.appspot.com/dataset/nuts/nuts0088.jpg,nuts
gs://idyllic-slice-361403.appspot.com/dataset/nuts/nuts0089.jpg,nuts
gs://idyllic-slice-361403.appspot.com/dataset/nuts/nuts0090.jpg,nuts
gs://idyllic-slice-361403.appspot.com/dataset/nuts/nuts0091.jpg,nuts
gs://idyllic-slice-361403.appspot.com/dataset/nuts/nuts0092.jpg,nuts
gs://idyllic-slice-361403.appspot.com/dataset/nuts/nuts0093.jpg,nuts
gs://idyllic-slice-361403.appspot.com/dataset/nuts/nuts0094.jpg,nuts
gs://idyllic-slice-361403.appspot.com/dataset/nuts/nuts0095.jpg,nuts
gs://idyllic-slice-361403.appspot.com/dataset/nuts/nuts0096.jpg,nuts
gs://idyllic-slice-361403.appspot.com/dataset/nuts/nuts0097.jpg,nuts
gs://idyllic-slice-361403.appspot.com/dataset/nuts/nuts0098.jpg,nuts
gs://idyllic-slice-361403.appspot.com/dataset/nuts/nuts0099.jpg,nuts
gs://idyllic-slice-361403.appspot.com/dataset/nuts/nuts0100.jpg,nuts
gs://idyllic-slice-361403.appspot.com/dataset/nuts/nuts0101.jpg,nuts
gs://idyllic-slice-361403.appspot.com/dataset/nuts/nuts0102.jpg,nuts
gs://idyllic-slice-361403.appspot.com/dataset/nuts/nuts0103.jpg,nuts
gs://idyllic-slice-361403.appspot.com/dataset/nuts/nuts0104.jpg,nuts
gs://idyllic-slice-361403.appspot.com/dataset/nuts/nuts0105.jpg,nuts
gs://idyllic-slice-361403.appspot.com/dataset/nuts/nuts0106.jpg,nuts
gs://idyllic-slice-361403.appspot.com/dataset/nuts/nuts0107.jpg,nuts
gs://idyllic-slice-361403.appspot.com/dataset/nuts/nuts0108.jpg,nuts
gs://idyllic-slice-361403.appspot.com/dataset/nuts/nuts0109.jpg,nuts
gs://idyllic-slice-361403.appspot.com/dataset/nuts/nuts0110.jpg,nuts
gs://idyllic-slice-361403.appspot.com/dataset/nuts/nuts0111.jpg,nuts
gs://idyllic-slice-361403.appspot.com/dataset/nuts/nuts0112.jpg,nuts
gs://idyllic-slice-361403.appspot.com/dataset/nuts/nuts0113.jpg,nuts
gs://idyllic-slice-361403.appspot.com/dataset/nuts/nuts0114.jpg,nuts
gs://idyllic-slice-361403.appspot.com/dataset/nuts/nuts0115.jpg,nuts
gs://idyllic-slice-361403.appspot.com/dataset/nuts/nuts0116.jpg,nuts
gs://idyllic-slice-361403.appspot.com/dataset/nuts/nuts0117.jpg,nuts
gs://idyllic-slice-361403.appspot.com/dataset/nuts/nuts0118.jpg,nuts
gs://idyllic-slice-361403.appspot.com/dataset/nuts/nuts0119.jpg,nuts
gs://idyllic-slice-361403.appspot.com/dataset/nuts/nuts0120.jpg,nuts
gs://idyllic-slice-361403.appspot.com/dataset/nuts/nuts0121.jpg,nuts
gs://idyllic-slice-361403.appspot.com/dataset/nuts/nuts0122.jpg,nuts
gs://idyllic-slice-361403.appspot.com/dataset/nuts/nuts0123.jpg,nuts
gs://idyllic-slice-361403.appspot.com/dataset/nuts/nuts0124.jpg,nuts
gs://idyllic-slice-361403.appspot.com/dataset/nuts/nuts0125.jpg,nuts
gs://idyllic-slice-361403.appspot.com/dataset/nuts/nuts0126.jpg,nuts
gs://idyllic-slice-361403.appspot.com/dataset/nuts/nuts0127.jpg,nuts
gs://idyllic-slice-361403.appspot.com/dataset/nuts/nuts0128.jpg,nuts
gs://idyllic-slice-361403.appspot.com/dataset/nuts/nuts0129.jpg,nuts
gs://idyllic-slice-361403.appspot.com/dataset/nuts/nuts0130.jpg,nuts
gs://idyllic-slice-361403.appspot.com/dataset/nuts/nuts0131.jpg,nuts
gs://idyllic-slice-361403.appspot.com/dataset/nuts/nuts0132.jpg,nuts
gs://idyllic-slice-361403.appspot.com/dataset/nuts/nuts0133.jpg,nuts
gs://idyllic-slice-361403.appspot.com/dataset/nuts/nuts0134.jpg,nuts
gs://idyllic-slice-361403.appspot.com/dataset/nuts/nuts0135.jpg,nuts
gs://idyllic-slice-361403.appspot.com/dataset/nuts/nuts0136.jpg,nuts
gs://idyllic-slice-361403.appspot.com/dataset/nuts/nuts0137.jpg,nuts
gs://idyllic-slice-361403.appspot.com/dataset/nuts/nuts0138.jpg,nuts
gs://idyllic-slice-361403.appspot.com/dataset/nuts/nuts0139.jpg,nuts
gs://idyllic-slice-361403.appspot.com/dataset/nuts/nuts0140.jpg,nuts
gs://idyllic-slice-361403.appspot.com/dataset/nuts/nuts0141.jpg,nuts
gs://idyllic-slice-361403.appspot.com/dataset/nuts/nuts0142.jpg,nuts
gs://idyllic-slice-361403.appspot.com/dataset/nuts/nuts0143.jpg,nuts
gs://idyllic-slice-361403.appspot.com/dataset/nuts/nuts0144.jpg,nuts
gs://idyllic-slice-361403.appspot.com/dataset/nuts/nuts0145.jpg,nuts
gs://idyllic-slice-361403.appspot.com/dataset/nuts/nuts0146.jpg,nuts
gs://idyllic-slice-361403.appspot.com/dataset/nuts/nuts0147.jpg,nuts
gs://idyllic-slice-361403.appspot.com/dataset/nuts/nuts0148.jpg,nuts
gs://idyllic-slice-361403.appspot.com/dataset/nuts/nuts0149.jpg,nuts
gs://idyllic-slice-361403.appspot.com/dataset/nuts/nuts0150.jpg,nuts
gs://idyllic-slice-361403.appspot.com/dataset/nuts/nuts0151.jpg,nuts
gs://idyllic-slice-361403.appspot.com/dataset/nuts/nuts0152.jpg,nuts
gs://idyllic-slice-361403.appspot.com/dataset/nuts/nuts0153.jpg,nuts
gs://idyllic-slice-361403.appspot.com/dataset/nuts/nuts0154.jpg,nuts
gs://idyllic-slice-361403.appspot.com/dataset/nuts/nuts0155.jpg,nuts
gs://idyllic-slice-361403.appspot.com/dataset/nuts/nuts0156.jpg,nuts
gs://idyllic-slice-361403.appspot.com/dataset/nuts/nuts0157.jpg,nuts
gs://idyllic-slice-361403.appspot.com/dataset/nuts/nuts0158.jpg,nuts
gs://idyllic-slice-361403.appspot.com/dataset/nuts/nuts0159.jpg,nuts
gs://idyllic-slice-361403.appspot.com/dataset/nuts/nuts0160.jpg,nuts
gs://idyllic-slice-361403.appspot.com/dataset/nuts/nuts0161.jpg,nuts
gs://idyllic-slice-361403.appspot.com/dataset/nuts/nuts0162.jpg,nuts
gs://idyllic-slice-361403.appspot.com/dataset/nuts/nuts0163.jpg,nuts
gs://idyllic-slice-361403.appspot.com/dataset/nuts/nuts0164.jpg,nuts
gs://idyllic-slice-361403.appspot.com/dataset/nuts/nuts0165.jpg,nuts
gs://idyllic-slice-361403.appspot.com/dataset/nuts/nuts0166.jpg,nuts
gs://idyllic-slice-361403.appspot.com/dataset/nuts/nuts0167.jpg,nuts
gs://idyllic-slice-361403.appspot.com/dataset/nuts/nuts0168.jpg,nuts
gs://idyllic-slice-361403.appspot.com/dataset/nuts/nuts0169.jpg,nuts
gs://idyllic-slice-361403.appspot.com/dataset/nuts/nuts0170.jpg,nuts
gs://idyllic-slice-361403.appspot.com/dataset/nuts/nuts0171.jpg,nuts
gs://idyllic-slice-361403.appspot.com/dataset/nuts/nuts0172.jpg,nuts
gs://idyllic-slice-361403.appspot.com/dataset/nuts/nuts0173.jpg,nuts
gs://idyllic-slice-361403.appspot.com/dataset/nuts/nuts0174.jpg,nuts
gs://idyllic-slice-361403.appspot.com/dataset/nuts/nuts0175.jpg,nuts
gs://idyllic-slice-361403.appspot.com/dataset/nuts/nuts0176.jpg,nuts
gs://idyllic-slice-361403.appspot.com/dataset/nuts/nuts0177.jpg,nuts
gs://idyllic-slice-361403.appspot.com/dataset/nuts/nuts0178.jpg,nuts
gs://idyllic-slice-361403.appspot.com/dataset/nuts/nuts0179.jpg,nuts
gs://idyllic-slice-361403.appspot.com/dataset/nuts/nuts0180.jpg,nuts
gs://idyllic-slice-361403.appspot.com/dataset/nuts/nuts0181.jpg,nuts
gs://idyllic-slice-361403.appspot.com/dataset/nuts/nuts0182.jpg,nuts
gs://idyllic-slice-361403.appspot.com/dataset/nuts/nuts0183.jpg,nuts
gs://idyllic-slice-361403.appspot.com/dataset/nuts/nuts0184.jpg,nuts
gs://idyllic-slice-361403.appspot.com/dataset/nuts/nuts0185.jpg,nuts
gs://idyllic-slice-361403.appspot.com/dataset/nuts/nuts0186.jpg,nuts
gs://idyllic-slice-361403.appspot.com/dataset/nuts/nuts0187.jpg,nuts
gs://idyllic-slice-361403.appspot.com/dataset/nuts/nuts0188.jpg,nuts
gs://idyllic-slice-361403.appspot.com/dataset/nuts/nuts0189.jpg,nuts
gs://idyllic-slice-361403.appspot.com/dataset/nuts/nuts0190.jpg,nuts
gs://idyllic-slice-361403.appspot.com/dataset/nuts/nuts0191.jpg,nuts
gs://idyllic-slice-361403.appspot.com/dataset/nuts/nuts0192.jpg,nuts
gs://idyllic-slice-361403.appspot.com/dataset/nuts/nuts0193.jpg,nuts
gs://idyllic-slice-361403.appspot.com/dataset/nuts/nuts0194.jpg,nuts
gs://idyllic-slice-361403.appspot.com/dataset/nuts/nuts0195.jpg,nuts
gs://idyllic-slice-361403.appspot.com/dataset/nuts/nuts0196.jpg,nuts
gs://idyllic-slice-361403.appspot.com/dataset/nuts/nuts0197.jpg,nuts
gs://idyllic-slice-361403.appspot.com/dataset/nuts/nuts0198.jpg,nuts
gs://idyllic-slice-361403.appspot.com/dataset/nuts/nuts0199.jpg,nuts
gs://idyllic-slice-361403.appspot.com/dataset/nuts/nuts0200.jpg,nuts
gs://idyllic-slice-361403.appspot.com/dataset/nuts/nuts0201.jpg,nuts
gs://idyllic-slice-361403.appspot.com/dataset/nuts/nuts0202.jpg,nuts
gs://idyllic-slice-361403.appspot.com/dataset/nuts/nuts0203.jpg,nuts
gs://idyllic-slice-361403.appspot.com/dataset/nuts/nuts0204.jpg,nuts
gs://idyllic-slice-361403.appspot.com/dataset/nuts/nuts0205.jpg,nuts
gs://idyllic-slice-361403.appspot.com/dataset/nuts/nuts0206.jpg,nuts
gs://idyllic-slice-361403.appspot.com/dataset/nuts/nuts0207.jpg,nuts
gs://idyllic-slice-361403.appspot.com/dataset/nuts/nuts0208.jpg,nuts
gs://idyllic-slice-361403.appspot.com/dataset/nuts/nuts0209.jpg,nuts
gs://idyllic-slice-361403.appspot.com/dataset/nuts/nuts0210.jpg,nuts
gs://idyllic-slice-361403.appspot.com/dataset/nuts/nuts0211.jpg,nuts
gs://idyllic-slice-361403.appspot.com/dataset/nuts/nuts0212.jpg,nuts
gs://idyllic-slice-361403.appspot.com/dataset/nuts/nuts0213.jpg,nuts
gs://idyllic-slice-361403.appspot.com/dataset/nuts/nuts0214.jpg,nuts
gs://idyllic-slice-361403.appspot.com/dataset/nuts/nuts0215.jpg,nuts
gs://idyllic-slice-361403.appspot.com/dataset/nuts/nuts0216.jpg,nuts
gs://idyllic-slice-361403.appspot.com/dataset/nuts/nuts0217.jpg,nuts
gs://idyllic-slice-361403.appspot.com/dataset/nuts/nuts0218.jpg,nuts
gs://idyllic-slice-361403.appspot.com/dataset/nuts/nuts0219.jpg,nuts
gs://idyllic-slice-361403.appspot.com/dataset/nuts/nuts0220.jpg,nuts
gs://idyllic-slice-361403.appspot.com/dataset/nuts/nuts0221.jpg,nuts
gs://idyllic-slice-361403.appspot.com/dataset/nuts/nuts0222.jpg,nuts
gs://idyllic-slice-361403.appspot.com/dataset/nuts/nuts0223.jpg,nuts
gs://idyllic-slice-361403.appspot.com/dataset/nuts/nuts0224.jpg,nuts
gs://idyllic-slice-361403.appspot.com/dataset/nuts/nuts0225.jpg,nuts
gs://idyllic-slice-361403.appspot.com/dataset/nuts/nuts0226.jpg,nuts
gs://idyllic-slice-361403.appspot.com/dataset/nuts/nuts0227.jpg,nuts
gs://idyllic-slice-361403.appspot.com/dataset/nuts/nuts0228.jpg,nuts
gs://idyllic-slice-361403.appspot.com/dataset/nuts/nuts0229.jpg,nuts
gs://idyllic-slice-361403.appspot.com/dataset/nuts/nuts0230.jpg,nuts
gs://idyllic-slice-361403.appspot.com/dataset/nuts/nuts0231.jpg,nuts
gs://idyllic-slice-361403.appspot.com/dataset/nuts/nuts0232.jpg,nuts
gs://idyllic-slice-361403.appspot.com/dataset/nuts/nuts0233.jpg,nuts
gs://idyllic-slice-361403.appspot.com/dataset/nuts/nuts0234.jpg,nuts
gs://idyllic-slice-361403.appspot.com/dataset/nuts/nuts0235.jpg,nuts
gs://idyllic-slice-361403.appspot.com/dataset/nuts/nuts0236.jpg,nuts
gs://idyllic-slice-361403.appspot.com/dataset/nuts/nuts0237.jpg,nuts
gs://idyllic-slice-361403.appspot.com/dataset/nuts/nuts0238.jpg,nuts
gs://idyllic-slice-361403.appspot.com/dataset/nuts/nuts0239.jpg,nuts
gs://idyllic-slice-361403.appspot.com/dataset/nuts/nuts0240.jpg,nuts
gs://idyllic-slice-361403.appspot.com/dataset/nuts/nuts0241.jpg,nuts
gs://idyllic-slice-361403.appspot.com/dataset/nuts/nuts0242.jpg,nuts
gs://idyllic-slice-361403.appspot.com/dataset/nuts/nuts0243.jpg,nuts
gs://idyllic-slice-361403.appspot.com/dataset/nuts/nuts0244.jpg,nuts
gs://idyllic-slice-361403.appspot.com/dataset/nuts/nuts0245.jpg,nuts
gs://idyllic-slice-361403.appspot.com/dataset/nuts/nuts0246.jpg,nuts
gs://idyllic-slice-361403.appspot.com/dataset/nuts/nuts0247.jpg,nuts
gs://idyllic-slice-361403.appspot.com/dataset/nuts/nuts0248.jpg,nuts
gs://idyllic-slice-361403.appspot.com/dataset/nuts/nuts0249.jpg,nuts
gs://idyllic-slice-361403.appspot.com/dataset/nuts/nuts0250.jpg,nuts
gs://idyllic-slice-361403.appspot.com/dataset/nuts/nuts0251.jpg,nuts
gs://idyllic-slice-361403.appspot.com/dataset/nuts/nuts0252.jpg,nuts
gs://idyllic-slice-361403.appspot.com/dataset/nuts/nuts0253.jpg,nuts
gs://idyllic-slice-361403.appspot.com/dataset/nuts/nuts0254.jpg,nuts
gs://idyllic-slice-361403.appspot.com/dataset/nuts/nuts0255.jpg,nuts
gs://idyllic-slice-361403.appspot.com/dataset/nuts/nuts0256.jpg,nuts
gs://idyllic-slice-361403.appspot.com/dataset/nuts/nuts0257.jpg,nuts
gs://idyllic-slice-361403.appspot.com/dataset/nuts/nuts0258.jpg,nuts
gs://idyllic-slice-361403.appspot.com/dataset/nuts/nuts0259.jpg,nuts
gs://idyllic-slice-361403.appspot.com/dataset/nuts/nuts0260.jpg,nuts
gs://idyllic-slice-361403.appspot.com/dataset/nuts/nuts0261.jpg,nuts
gs://idyllic-slice-361403.appspot.com/dataset/nuts/nuts0262.jpg,nuts
gs://idyllic-slice-361403.appspot.com/dataset/nuts/nuts0263.jpg,nuts
gs://idyllic-slice-361403.appspot.com/dataset/nuts/nuts0264.jpg,nuts
gs://idyllic-slice-361403.appspot.com/dataset/nuts/nuts0265.jpg,nuts
gs://idyllic-slice-361403.appspot.com/dataset/nuts/nuts0266.jpg,nuts
gs://idyllic-slice-361403.appspot.com/dataset/nuts/nuts0267.jpg,nuts
gs://idyllic-slice-361403.appspot.com/dataset/nuts/nuts0268.jpg,nuts
gs://idyllic-slice-361403.appspot.com/dataset/nuts/nuts0269.jpg,nuts
gs://idyllic-slice-361403.appspot.com/dataset/nuts/nuts0270.jpg,nuts
gs://idyllic-slice-361403.appspot.com/dataset/nuts/nuts0271.jpg,nuts
gs://idyllic-slice-361403.appspot.com/dataset/nuts/nuts0272.jpg,nuts
gs://idyllic-slice-361403.appspot.com/dataset/nuts/nuts0273.jpg,nuts
gs://idyllic-slice-361403.appspot.com/dataset/nuts/nuts0274.jpg,nuts
gs://idyllic-slice-361403.appspot.com/dataset/nuts/nuts0275.jpg,nuts
gs://idyllic-slice-361403.appspot.com/dataset/nuts/nuts0276.jpg,nuts
gs://idyllic-slice-361403.appspot.com/dataset/nuts/nuts0277.jpg,nuts
gs://idyllic-slice-361403.appspot.com/dataset/nuts/nuts0278.jpg,nuts
gs://idyllic-slice-361403.appspot.com/dataset/nuts/nuts0279.jpg,nuts
gs://idyllic-slice-361403.appspot.com/dataset/nuts/nuts0280.jpg,nuts
gs://idyllic-slice-361403.appspot.com/dataset/nuts/nuts0281.jpg,nuts
gs://idyllic-slice-361403.appspot.com/dataset/nuts/nuts0282.jpg,nuts
gs://idyllic-slice-361403.appspot.com/dataset/nuts/nuts0283.jpg,nuts
gs://idyllic-slice-361403.appspot.com/dataset/nuts/nuts0284.jpg,nuts
gs://idyllic-slice-361403.appspot.com/dataset/nuts/nuts0285.jpg,nuts
gs://idyllic-slice-361403.appspot.com/dataset/nuts/nuts0286.jpg,nuts
gs://idyllic-slice-361403.appspot.com/dataset/nuts/nuts0287.jpg,nuts
gs://idyllic-slice-361403.appspot.com/dataset/nuts/nuts0288.jpg,nuts
gs://idyllic-slice-361403.appspot.com/dataset/nuts/nuts0289.jpg,nuts
gs://idyllic-slice-361403.appspot.com/dataset/nuts/nuts0290.jpg,nuts
gs://idyllic-slice-361403.appspot.com/dataset/nuts/nuts0291.jpg,nuts
gs://idyllic-slice-361403.appspot.com/dataset/nuts/nuts0292.jpg,nuts
gs://idyllic-slice-361403.appspot.com/dataset/nuts/nuts0293.jpg,nuts
gs://idyllic-slice-361403.appspot.com/dataset/nuts/nuts0294.jpg,nuts
gs://idyllic-slice-361403.appspot.com/dataset/nuts/nuts0295.jpg,nuts
gs://idyllic-slice-361403.appspot.com/dataset/nuts/nuts0296.jpg,nuts
gs://idyllic-slice-361403.appspot.com/dataset/nuts/nuts0297.jpg,nuts
gs://idyllic-slice-361403.appspot.com/dataset/nuts/nuts0298.jpg,nuts
gs://idyllic-slice-361403.appspot.com/dataset/nuts/nuts0299.jpg,nuts
gs://idyllic-slice-361403.appspot.com/dataset/nuts/nuts0300.jpg,nuts
gs://idyllic-slice-361403.appspot.com/dataset/nuts/nuts0301.jpg,nuts
gs://idyllic-slice-361403.appspot.com/dataset/nuts/nuts0302.jpg,nuts
gs://idyllic-slice-361403.appspot.com/dataset/nuts/nuts0303.jpg,nuts
gs://idyllic-slice-361403.appspot.com/dataset/nuts/nuts0304.jpg,nuts
gs://idyllic-slice-361403.appspot.com/dataset/nuts/nuts0305.jpg,nuts
gs://idyllic-slice-361403.appspot.com/dataset/nuts/nuts0306.jpg,nuts
gs://idyllic-slice-361403.appspot.com/dataset/nuts/nuts0307.jpg,nuts
gs://idyllic-slice-361403.appspot.com/dataset/nuts/nuts0308.jpg,nuts
gs://idyllic-slice-361403.appspot.com/dataset/nuts/nuts0309.jpg,nuts
gs://idyllic-slice-361403.appspot.com/dataset/nuts/nuts0310.jpg,nuts
gs://idyllic-slice-361403.appspot.com/dataset/nuts/nuts0311.jpg,nuts
gs://idyllic-slice-361403.appspot.com/dataset/nuts/nuts0312.jpg,nuts
gs://idyllic-slice-361403.appspot.com/dataset/nuts/nuts0313.jpg,nuts
gs://idyllic-slice-361403.appspot.com/dataset/nuts/nuts0314.jpg,nuts
gs://idyllic-slice-361403.appspot.com/dataset/nuts/nuts0315.jpg,nuts
gs://idyllic-slice-361403.appspot.com/dataset/nuts/nuts0316.jpg,nuts
gs://idyllic-slice-361403.appspot.com/dataset/nuts/nuts0317.jpg,nuts
gs://idyllic-slice-361403.appspot.com/dataset/nuts/nuts0318.jpg,nuts
gs://idyllic-slice-361403.appspot.com/dataset/nuts/nuts0319.jpg,nuts
gs://idyllic-slice-361403.appspot.com/dataset/nuts/nuts0320.jpg,nuts
gs://idyllic-slice-361403.appspot.com/dataset/nuts/nuts0321.jpg,nuts
gs://idyllic-slice-361403.appspot.com/dataset/nuts/nuts0322.jpg,nuts
gs://idyllic-slice-361403.appspot.com/dataset/nuts/nuts0323.jpg,nuts
gs://idyllic-slice-361403.appspot.com/dataset/nuts/nuts0324.jpg,nuts
gs://idyllic-slice-361403.appspot.com/dataset/nuts/nuts0325.jpg,nuts
gs://idyllic-slice-361403.appspot.com/dataset/nuts/nuts0326.jpg,nuts
gs://idyllic-slice-361403.appspot.com/dataset/nuts/nuts0327.jpg,nuts
gs://idyllic-slice-361403.appspot.com/dataset/nuts/nuts0328.jpg,nuts
gs://idyllic-slice-361403.appspot.com/dataset/nuts/nuts0329.jpg,nuts
gs://idyllic-slice-361403.appspot.com/dataset/nuts/nuts0330.jpg,nuts
gs://idyllic-slice-361403.appspot.com/dataset/nuts/nuts0331.jpg,nuts
gs://idyllic-slice-361403.appspot.com/dataset/nuts/nuts0332.jpg,nuts
gs://idyllic-slice-361403.appspot.com/dataset/nuts/nuts0333.jpg,nuts
gs://idyllic-slice-361403.appspot.com/dataset/nuts/nuts0334.jpg,nuts
gs://idyllic-slice-361403.appspot.com/dataset/nuts/nuts0335.jpg,nuts
gs://idyllic-slice-361403.appspot.com/dataset/nuts/nuts0336.jpg,nuts
